{
  "timestamp": "2025-08-28T11:10:48.930216",
  "total_documents": 10,
  "overall_metrics": {
    "mean_f1": 0.4127140002866616,
    "mean_precision": 0.36285880785880786,
    "mean_recall": 0.48875,
    "mean_uncertainty_error": 0.1436
  },
  "by_complexity": {
    "simple": {
      "count": 3,
      "mean_f1": 0.419515618108184,
      "mean_precision": 0.3860449735449736,
      "mean_recall": 0.4694444444444444,
      "mean_uncertainty_error": 0.223
    },
    "technical": {
      "count": 2,
      "mean_f1": 0.20799640610961367,
      "mean_precision": 0.1603708791208791,
      "mean_recall": 0.30833333333333335,
      "mean_uncertainty_error": 0.09799999999999998
    },
    "ambiguous": {
      "count": 2,
      "mean_f1": 0.37816764132553604,
      "mean_precision": 0.3333333333333333,
      "mean_recall": 0.4375,
      "mean_uncertainty_error": 0.015000000000000013
    },
    "noisy": {
      "count": 2,
      "mean_f1": 0.690237789993777,
      "mean_precision": 0.6051587301587302,
      "mean_recall": 0.80625,
      "mean_uncertainty_error": 0.11900000000000002
    },
    "mixed": {
      "count": 1,
      "mean_f1": 0.3157894736842105,
      "mean_precision": 0.2727272727272727,
      "mean_recall": 0.375,
      "mean_uncertainty_error": 0.303
    }
  }
}